latitude,longitude,bright_ti4,scan,track,acq_date,acq_time,satellite,instrument,confidence,version,bright_ti5,frp,daynight
42.99436,-4.82694,352.96,0.42,0.45,2025-08-16,145,N21,VIIRS,n,2.0NRT,293.72,23.4,N
42.99484,-4.81993,338.3,0.42,0.45,2025-08-16,145,N21,VIIRS,n,2.0NRT,292.39,7.2,N
42.99486,-4.83234,339.48,0.42,0.45,2025-08-16,145,N21,VIIRS,n,2.0NRT,293.04,20.13,N
42.99531,-4.82538,367,0.42,0.45,2025-08-16,145,N21,VIIRS,h,2.0NRT,304.08,23.74,N
42.9954,-4.83817,340.03,0.42,0.46,2025-08-16,145,N21,VIIRS,n,2.0NRT,308.94,20.13,N
42.99577,-4.83063,355.18,0.42,0.46,2025-08-16,145,N21,VIIRS,n,2.0NRT,298.56,23.74,N
42.99592,-4.84376,351.99,0.42,0.46,2025-08-16,145,N21,VIIRS,n,2.0NRT,297.5,15.05,N
42.99627,-4.83653,351.3,0.42,0.46,2025-08-16,145,N21,VIIRS,n,2.0NRT,304.99,43.77,N
42.99637,-4.78889,337.94,0.42,0.45,2025-08-16,145,N21,VIIRS,n,2.0NRT,292.19,3.9,N
42.99641,-4.84905,367,0.42,0.46,2025-08-16,145,N21,VIIRS,h,2.0NRT,299.58,15.05,N
42.99676,-4.84211,355.67,0.42,0.46,2025-08-16,145,N21,VIIRS,n,2.0NRT,314.01,43.77,N
42.99692,-4.8546,367,0.42,0.46,2025-08-16,145,N21,VIIRS,h,2.0NRT,299.2,13.66,N
42.99722,-4.84738,367,0.42,0.46,2025-08-16,145,N21,VIIRS,h,2.0NRT,302.2,22.98,N
42.99742,-4.85996,367,0.43,0.46,2025-08-16,145,N21,VIIRS,h,2.0NRT,301.3,13.66,N
42.99744,-4.80122,338.53,0.42,0.45,2025-08-16,145,N21,VIIRS,n,2.0NRT,295.35,6.53,N
42.99746,-4.81476,333.77,0.42,0.45,2025-08-16,145,N21,VIIRS,n,2.0NRT,292.19,9.67,N
42.9977,-4.853,354.56,0.43,0.46,2025-08-16,145,N21,VIIRS,n,2.0NRT,304.48,22.98,N
42.99789,-4.86517,350.24,0.43,0.46,2025-08-16,145,N21,VIIRS,n,2.0NRT,307.41,15.73,N
42.998,-4.82066,350.39,0.42,0.45,2025-08-16,145,N21,VIIRS,n,2.0NRT,310.22,23.4,N
42.99816,-4.85834,367,0.43,0.46,2025-08-16,145,N21,VIIRS,h,2.0NRT,307.96,24.62,N
42.99837,-4.87039,355.45,0.43,0.46,2025-08-16,145,N21,VIIRS,n,2.0NRT,305.19,15.73,N
42.99848,-4.82579,346.7,0.42,0.45,2025-08-16,145,N21,VIIRS,n,2.0NRT,301.48,23.4,N
42.99862,-4.86358,348.58,0.43,0.46,2025-08-16,145,N21,VIIRS,n,2.0NRT,308.5,24.62,N
42.99884,-4.87548,351.81,0.43,0.46,2025-08-16,145,N21,VIIRS,n,2.0NRT,305.73,21.14,N
42.99897,-4.83103,367,0.42,0.45,2025-08-16,145,N21,VIIRS,h,2.0NRT,300.52,20.13,N
42.99897,-4.81887,353.8,0.42,0.45,2025-08-16,145,N21,VIIRS,n,2.0NRT,307.92,31.8,N
42.99906,-4.86876,355.45,0.43,0.46,2025-08-16,145,N21,VIIRS,n,2.0NRT,311.81,28.62,N
42.99935,-4.88101,339.86,0.43,0.46,2025-08-16,145,N21,VIIRS,n,2.0NRT,299.24,21.14,N
42.99943,-4.82413,325.08,0.42,0.45,2025-08-16,145,N21,VIIRS,n,2.0NRT,297.23,6.82,N
42.99949,-4.83672,341.07,0.42,0.46,2025-08-16,145,N21,VIIRS,n,2.0NRT,296.68,20.13,N
42.99951,-4.87392,348.99,0.43,0.46,2025-08-16,145,N21,VIIRS,n,2.0NRT,303.72,28.62,N
42.99987,-4.82917,311.44,0.42,0.46,2025-08-16,145,N21,VIIRS,n,2.0NRT,292.82,6.82,N
42.99996,-4.87921,352.9,0.43,0.46,2025-08-16,145,N21,VIIRS,n,2.0NRT,309.73,37.01,N
43,-4.84219,341.11,0.42,0.46,2025-08-16,145,N21,VIIRS,n,2.0NRT,298.1,15.05,N
43.00035,-4.83474,317.63,0.42,0.46,2025-08-16,145,N21,VIIRS,n,2.0NRT,293.22,3.91,N
43.00051,-4.84764,319.08,0.42,0.46,2025-08-16,145,N21,VIIRS,n,2.0NRT,295.64,15.05,N
43.0006,-4.78899,307.09,0.42,0.45,2025-08-16,145,N21,VIIRS,n,2.0NRT,291.35,3.9,N
43.00102,-4.85319,331.95,0.42,0.46,2025-08-16,145,N21,VIIRS,n,2.0NRT,296.51,13.66,N
43.00152,-4.85857,314.39,0.43,0.46,2025-08-16,145,N21,VIIRS,n,2.0NRT,295.21,13.66,N
43.0018,-4.85141,303.84,0.43,0.46,2025-08-16,145,N21,VIIRS,n,2.0NRT,291.15,2.55,N
43.002,-4.86376,307.15,0.43,0.46,2025-08-16,145,N21,VIIRS,n,2.0NRT,294.81,15.73,N
43.00215,-4.80672,338.72,0.42,0.45,2025-08-16,145,N21,VIIRS,n,2.0NRT,293.77,6.53,N
43.00245,-4.86875,306.87,0.43,0.46,2025-08-16,145,N21,VIIRS,n,2.0NRT,294.68,15.73,N
43.00295,-4.87415,333.46,0.43,0.46,2025-08-16,145,N21,VIIRS,n,2.0NRT,299.97,21.14,N
43.00349,-4.87994,349.64,0.43,0.46,2025-08-16,145,N21,VIIRS,n,2.0NRT,303.5,21.14,N
43.00362,-4.87253,308.09,0.43,0.46,2025-08-16,145,N21,VIIRS,n,2.0NRT,293.85,3.02,N
43.00408,-4.88626,339.99,0.43,0.46,2025-08-16,145,N21,VIIRS,n,2.0NRT,293.04,17.11,N
43.00412,-4.87821,341.24,0.43,0.46,2025-08-16,145,N21,VIIRS,n,2.0NRT,301.37,17.87,N
43.00467,-4.88464,355.82,0.43,0.46,2025-08-16,145,N21,VIIRS,n,2.0NRT,304.64,17.87,N
43.00747,-4.77113,334.28,0.42,0.45,2025-08-16,145,N21,VIIRS,n,2.0NRT,290.2,7.73,N
43.00805,-4.77775,324.18,0.42,0.45,2025-08-16,145,N21,VIIRS,n,2.0NRT,290.77,6.25,N
43.00836,-4.87823,311.05,0.43,0.46,2025-08-16,145,N21,VIIRS,n,2.0NRT,293.47,17.87,N
43.00885,-4.88396,354.72,0.43,0.46,2025-08-16,145,N21,VIIRS,n,2.0NRT,300.97,17.87,N
43.01631,-4.87209,338.08,0.43,0.46,2025-08-16,145,N21,VIIRS,n,2.0NRT,296.06,8.29,N
43.01673,-4.87695,367,0.43,0.46,2025-08-16,145,N21,VIIRS,h,2.0NRT,299.77,15.85,N
43.01714,-4.8817,367,0.43,0.46,2025-08-16,145,N21,VIIRS,h,2.0NRT,297.15,15.85,N
43.01758,-4.88665,312.75,0.43,0.46,2025-08-16,145,N21,VIIRS,n,2.0NRT,291.35,4.12,N
43.02126,-4.88023,324.56,0.43,0.46,2025-08-16,145,N21,VIIRS,n,2.0NRT,300.67,30.43,N
43.02167,-4.88496,354.64,0.43,0.46,2025-08-16,145,N21,VIIRS,n,2.0NRT,313.56,17.68,N
43.02216,-4.89053,321.8,0.43,0.46,2025-08-16,145,N21,VIIRS,n,2.0NRT,292.23,17.68,N
43.02579,-4.88352,307.89,0.43,0.46,2025-08-16,145,N21,VIIRS,n,2.0NRT,292.19,17.68,N
43.02624,-4.88863,338.81,0.43,0.46,2025-08-16,145,N21,VIIRS,n,2.0NRT,297.36,17.68,N
43.02733,-4.75741,305.06,0.42,0.45,2025-08-16,145,N21,VIIRS,n,2.0NRT,288.41,11.51,N
43.03039,-4.88758,306.91,0.43,0.46,2025-08-16,145,N21,VIIRS,n,2.0NRT,293.1,2.48,N
43.03088,-4.8932,308.01,0.43,0.46,2025-08-16,145,N21,VIIRS,n,2.0NRT,294.53,6.86,N
43.03094,-4.75069,324.7,0.42,0.45,2025-08-16,145,N21,VIIRS,n,2.0NRT,287.06,11.51,N
43.03136,-4.89866,325.02,0.43,0.46,2025-08-16,145,N21,VIIRS,n,2.0NRT,296.38,6.86,N
43.03156,-4.75745,339.96,0.42,0.45,2025-08-16,145,N21,VIIRS,n,2.0NRT,299.77,11.51,N
43.03183,-4.90399,367,0.43,0.46,2025-08-16,145,N21,VIIRS,h,2.0NRT,308.95,17.1,N
43.0323,-4.90937,340.86,0.43,0.46,2025-08-16,145,N21,VIIRS,n,2.0NRT,297.01,17.1,N
43.03379,-4.87798,310.61,0.43,0.46,2025-08-16,145,N21,VIIRS,n,2.0NRT,296.17,4.54,N
43.03423,-4.88299,311.07,0.43,0.46,2025-08-16,145,N21,VIIRS,n,2.0NRT,295.74,2.48,N
43.03468,-4.88811,317.38,0.43,0.46,2025-08-16,145,N21,VIIRS,n,2.0NRT,298.49,2.48,N
43.03479,-4.84128,339.61,0.42,0.46,2025-08-16,145,N21,VIIRS,n,2.0NRT,298.07,11.26,N
43.03513,-4.89325,316.86,0.43,0.46,2025-08-16,145,N21,VIIRS,n,2.0NRT,298.45,6.86,N
43.03531,-4.84714,338.2,0.43,0.46,2025-08-16,145,N21,VIIRS,n,2.0NRT,296.26,11.26,N
43.03557,-4.89825,367,0.43,0.46,2025-08-16,145,N21,VIIRS,h,2.0NRT,322.5,6.86,N
43.036,-4.90313,367,0.43,0.46,2025-08-16,145,N21,VIIRS,h,2.0NRT,329.95,17.1,N
43.03628,-4.76314,305.39,0.42,0.45,2025-08-16,145,N21,VIIRS,n,2.0NRT,288.77,1.09,N
43.03642,-4.90796,367,0.43,0.46,2025-08-16,145,N21,VIIRS,h,2.0NRT,318.31,17.1,N
43.03671,-4.86297,317.82,0.43,0.46,2025-08-16,145,N21,VIIRS,n,2.0NRT,294.72,6.45,N
43.03685,-4.91287,367,0.43,0.46,2025-08-16,145,N21,VIIRS,h,2.0NRT,311.17,9.2,N
43.03715,-4.868,331.27,0.43,0.46,2025-08-16,145,N21,VIIRS,n,2.0NRT,294.33,6.45,N
43.03728,-4.91775,306.77,0.43,0.46,2025-08-16,145,N21,VIIRS,n,2.0NRT,290,9.2,N
43.03758,-4.87284,313.71,0.43,0.46,2025-08-16,145,N21,VIIRS,n,2.0NRT,294.98,15.87,N
43.03766,-4.77852,299.79,0.42,0.45,2025-08-16,145,N21,VIIRS,n,2.0NRT,286.8,0.92,N
43.03803,-4.87798,367,0.43,0.46,2025-08-16,145,N21,VIIRS,h,2.0NRT,305.98,15.87,N
43.03849,-4.88321,328.53,0.43,0.46,2025-08-16,145,N21,VIIRS,n,2.0NRT,301.01,19.06,N
43.03893,-4.88818,354.58,0.43,0.46,2025-08-16,145,N21,VIIRS,n,2.0NRT,314.76,19.06,N
43.03936,-4.89308,350.11,0.43,0.46,2025-08-16,145,N21,VIIRS,n,2.0NRT,317.9,55.01,N
43.03979,-4.89796,354.1,0.43,0.46,2025-08-16,145,N21,VIIRS,n,2.0NRT,334.76,55.01,N
43.04021,-4.90281,354.49,0.43,0.46,2025-08-16,145,N21,VIIRS,n,2.0NRT,339.49,78.41,N
43.04063,-4.90754,352.64,0.43,0.46,2025-08-16,145,N21,VIIRS,n,2.0NRT,337.61,78.41,N
43.04086,-4.86195,305.68,0.43,0.46,2025-08-16,145,N21,VIIRS,n,2.0NRT,292.74,6.45,N
43.04105,-4.91226,341.38,0.43,0.46,2025-08-16,145,N21,VIIRS,n,2.0NRT,335.22,36.08,N
43.04128,-4.86672,346.02,0.43,0.46,2025-08-16,145,N21,VIIRS,n,2.0NRT,303.25,6.45,N
43.04148,-4.9172,367,0.43,0.46,2025-08-16,145,N21,VIIRS,h,2.0NRT,308.33,36.08,N
43.04171,-4.87159,345.09,0.43,0.46,2025-08-16,145,N21,VIIRS,n,2.0NRT,297.04,15.87,N
43.04192,-4.92222,301.37,0.43,0.46,2025-08-16,145,N21,VIIRS,n,2.0NRT,289.32,3.57,N
43.04216,-4.87664,346.89,0.43,0.46,2025-08-16,145,N21,VIIRS,n,2.0NRT,310.67,15.87,N
43.04262,-4.88196,367,0.43,0.46,2025-08-16,145,N21,VIIRS,h,2.0NRT,329.06,19.06,N
43.04311,-4.88737,353.87,0.43,0.46,2025-08-16,145,N21,VIIRS,n,2.0NRT,320.14,19.06,N
43.04356,-4.89256,367,0.43,0.46,2025-08-16,145,N21,VIIRS,h,2.0NRT,349.82,55.01,N
43.04401,-4.89766,367,0.43,0.46,2025-08-16,145,N21,VIIRS,h,2.0NRT,352.08,55.01,N
43.04445,-4.90271,367,0.43,0.46,2025-08-16,145,N21,VIIRS,h,2.0NRT,352.49,78.41,N
43.04487,-4.90741,338.58,0.43,0.46,2025-08-16,145,N21,VIIRS,n,2.0NRT,335.54,78.41,N
43.045,-4.86089,341.47,0.43,0.46,2025-08-16,145,N21,VIIRS,n,2.0NRT,299.31,14.06,N
43.04527,-4.91199,347.66,0.43,0.46,2025-08-16,145,N21,VIIRS,n,2.0NRT,297.38,36.08,N
43.04528,-4.81651,315.54,0.42,0.45,2025-08-16,145,N21,VIIRS,n,2.0NRT,293.93,2.5,N
43.04541,-4.86549,367,0.43,0.46,2025-08-16,145,N21,VIIRS,h,2.0NRT,305,14.06,N
43.04571,-4.91694,319.87,0.43,0.46,2025-08-16,145,N21,VIIRS,n,2.0NRT,292.48,36.08,N
43.04583,-4.87026,344.82,0.43,0.46,2025-08-16,145,N21,VIIRS,n,2.0NRT,308.77,62.54,N
43.04628,-4.87531,367,0.43,0.46,2025-08-16,145,N21,VIIRS,h,2.0NRT,336.53,62.54,N
43.04676,-4.8807,355.83,0.43,0.46,2025-08-16,145,N21,VIIRS,n,2.0NRT,326.24,70.74,N
43.04688,-4.83432,337.28,0.42,0.46,2025-08-16,145,N21,VIIRS,n,2.0NRT,295.22,8.17,N
43.04726,-4.88641,347.86,0.43,0.46,2025-08-16,145,N21,VIIRS,n,2.0NRT,325.79,70.74,N
43.04736,-4.83977,314.07,0.42,0.46,2025-08-16,145,N21,VIIRS,n,2.0NRT,294.58,7.11,N
43.04774,-4.89178,367,0.43,0.46,2025-08-16,145,N21,VIIRS,h,2.0NRT,342,72.25,N
43.0482,-4.897,367,0.43,0.46,2025-08-16,145,N21,VIIRS,h,2.0NRT,356.3,72.25,N
43.04831,-4.85037,314.21,0.43,0.46,2025-08-16,145,N21,VIIRS,n,2.0NRT,291.79,9.53,N
43.04878,-4.85564,343.61,0.43,0.46,2025-08-16,145,N21,VIIRS,n,2.0NRT,297.98,9.53,N
43.04903,-4.81114,322.33,0.42,0.45,2025-08-16,145,N21,VIIRS,n,2.0NRT,293.93,3.46,N
43.04907,-4.90692,350.71,0.43,0.46,2025-08-16,145,N21,VIIRS,n,2.0NRT,319.45,182.54,N
43.04918,-4.86023,367,0.43,0.46,2025-08-16,145,N21,VIIRS,h,2.0NRT,300.05,14.06,N
43.04948,-4.91158,333.06,0.43,0.46,2025-08-16,145,N21,VIIRS,n,2.0NRT,294.78,2.88,N
43.04954,-4.81677,339.8,0.42,0.45,2025-08-16,145,N21,VIIRS,n,2.0NRT,295.27,5.45,N
43.04959,-4.86491,333.22,0.43,0.46,2025-08-16,145,N21,VIIRS,n,2.0NRT,294.36,14.06,N
43.04995,-4.91683,309.9,0.43,0.46,2025-08-16,145,N21,VIIRS,n,2.0NRT,291.91,2.88,N
43.05002,-4.86968,311.21,0.43,0.46,2025-08-16,145,N21,VIIRS,n,2.0NRT,291.93,62.54,N
43.05047,-4.87475,334.76,0.43,0.46,2025-08-16,145,N21,VIIRS,n,2.0NRT,293.15,62.54,N
43.05094,-4.88002,343.11,0.43,0.46,2025-08-16,145,N21,VIIRS,n,2.0NRT,317.66,70.74,N
43.05099,-4.83303,348.51,0.42,0.46,2025-08-16,145,N21,VIIRS,n,2.0NRT,296.99,17.24,N
43.05142,-4.88542,350.35,0.43,0.46,2025-08-16,145,N21,VIIRS,n,2.0NRT,300.96,70.74,N
43.05189,-4.89073,320.83,0.43,0.46,2025-08-16,145,N21,VIIRS,n,2.0NRT,295.18,72.25,N
43.05236,-4.896,331.48,0.43,0.46,2025-08-16,145,N21,VIIRS,n,2.0NRT,295.57,72.25,N
43.05246,-4.84938,327.61,0.43,0.46,2025-08-16,145,N21,VIIRS,n,2.0NRT,292.04,7.91,N
43.05283,-4.90131,332.48,0.43,0.46,2025-08-16,145,N21,VIIRS,n,2.0NRT,311.47,182.54,N
43.05325,-4.811,315.26,0.42,0.45,2025-08-16,145,N21,VIIRS,n,2.0NRT,292.5,3.46,N
43.05327,-4.90628,348.58,0.43,0.46,2025-08-16,145,N21,VIIRS,n,2.0NRT,295.57,182.54,N
43.0537,-4.91116,321.92,0.43,0.46,2025-08-16,145,N21,VIIRS,n,2.0NRT,293.81,2.88,N
43.05376,-4.81674,327.62,0.42,0.45,2025-08-16,145,N21,VIIRS,n,2.0NRT,293.76,5.45,N
43.05419,-4.91674,306.71,0.43,0.46,2025-08-16,145,N21,VIIRS,n,2.0NRT,292.15,2.88,N
43.05468,-4.87429,305.54,0.43,0.46,2025-08-16,145,N21,VIIRS,n,2.0NRT,290.17,1.57,N
43.0551,-4.83167,354.95,0.42,0.46,2025-08-16,145,N21,VIIRS,n,2.0NRT,302.15,17.24,N
43.05513,-4.87933,308.75,0.43,0.46,2025-08-16,145,N21,VIIRS,n,2.0NRT,290.66,1.75,N
43.05553,-4.83648,319.92,0.42,0.46,2025-08-16,145,N21,VIIRS,n,2.0NRT,292.76,12.49,N
43.05558,-4.88444,306.54,0.43,0.46,2025-08-16,145,N21,VIIRS,n,2.0NRT,292.58,1.75,N
43.05604,-4.88963,309.48,0.43,0.46,2025-08-16,145,N21,VIIRS,n,2.0NRT,293.5,1.06,N
43.05604,-4.84209,353.8,0.43,0.46,2025-08-16,145,N21,VIIRS,n,2.0NRT,296.85,12.49,N
43.0565,-4.89489,310.29,0.43,0.46,2025-08-16,145,N21,VIIRS,n,2.0NRT,293.67,1.06,N
43.05698,-4.9002,315.47,0.43,0.46,2025-08-16,145,N21,VIIRS,n,2.0NRT,293.32,1.75,N
43.05744,-4.90545,314.3,0.43,0.46,2025-08-16,145,N21,VIIRS,n,2.0NRT,292.44,1.75,N
43.05791,-4.91068,305.51,0.43,0.46,2025-08-16,145,N21,VIIRS,n,2.0NRT,291.96,2.33,N
43.05884,-4.87341,306.99,0.43,0.46,2025-08-16,145,N21,VIIRS,n,2.0NRT,292.24,1.57,N
43.05961,-4.83471,320.27,0.42,0.46,2025-08-16,145,N21,VIIRS,n,2.0NRT,292.39,8.17,N
43.06012,-4.84039,336.73,0.43,0.46,2025-08-16,145,N21,VIIRS,n,2.0NRT,302.69,8.17,N
43.06018,-4.88848,304.27,0.43,0.46,2025-08-16,145,N21,VIIRS,n,2.0NRT,292.24,1.06,N
43.06065,-4.8937,304.8,0.43,0.46,2025-08-16,145,N21,VIIRS,n,2.0NRT,292.94,1.06,N
43.06071,-4.84697,317.06,0.43,0.46,2025-08-16,145,N21,VIIRS,n,2.0NRT,292.53,8.52,N
43.06112,-4.89903,310,0.43,0.46,2025-08-16,145,N21,VIIRS,n,2.0NRT,292.68,1.75,N
43.06422,-4.83888,342.13,0.43,0.46,2025-08-16,145,N21,VIIRS,n,2.0NRT,294.31,8.17,N
43.06483,-4.8456,337.83,0.43,0.46,2025-08-16,145,N21,VIIRS,n,2.0NRT,294.22,8.52,N
43.06776,-4.83127,319.78,0.42,0.46,2025-08-16,145,N21,VIIRS,n,2.0NRT,289.1,3.18,N
43.06833,-4.83751,329.34,0.43,0.46,2025-08-16,145,N21,VIIRS,n,2.0NRT,293.32,3.18,N
42.99032,-4.827,302.96,0.64,0.72,2025-08-16,328,N21,VIIRS,n,2.0NRT,289.12,22.32,N
42.99245,-4.83344,306.14,0.64,0.72,2025-08-16,328,N21,VIIRS,n,2.0NRT,289.97,22.32,N
42.99347,-4.83918,319.34,0.64,0.72,2025-08-16,328,N21,VIIRS,n,2.0NRT,291.36,28.07,N
42.99384,-4.8621,303.59,0.64,0.72,2025-08-16,328,N21,VIIRS,n,2.0NRT,289.06,9.75,N
42.99429,-4.839,328.65,0.64,0.72,2025-08-16,328,N21,VIIRS,n,2.0NRT,292.79,19.01,N
42.99458,-4.86199,317.93,0.64,0.72,2025-08-16,328,N21,VIIRS,n,2.0NRT,289.43,8.35,N
42.99538,-4.82307,341.77,0.64,0.72,2025-08-16,328,N21,VIIRS,n,2.0NRT,290.99,41.02,N
42.99548,-4.84517,367,0.64,0.72,2025-08-16,328,N21,VIIRS,h,2.0NRT,298.79,27.28,N
42.99588,-4.86814,338.16,0.64,0.72,2025-08-16,328,N21,VIIRS,n,2.0NRT,293.78,9.75,N
42.99632,-4.82305,352.36,0.64,0.72,2025-08-16,328,N21,VIIRS,n,2.0NRT,293.55,22.32,N
42.99635,-4.84526,367,0.64,0.72,2025-08-16,328,N21,VIIRS,h,2.0NRT,300.24,19.01,N
42.99674,-4.86853,340.97,0.64,0.72,2025-08-16,328,N21,VIIRS,n,2.0NRT,294.73,21.83,N
42.99771,-4.85182,367,0.64,0.72,2025-08-16,328,N21,VIIRS,h,2.0NRT,296.18,27.28,N
42.9979,-4.83061,367,0.64,0.72,2025-08-16,328,N21,VIIRS,h,2.0NRT,302.96,28.07,N
42.99802,-4.80915,307.78,0.64,0.72,2025-08-16,328,N21,VIIRS,n,2.0NRT,290.64,4.53,N
42.99847,-4.87588,367,0.64,0.72,2025-08-16,328,N21,VIIRS,h,2.0NRT,299.47,19.15,N
42.99863,-4.85218,347.85,0.64,0.72,2025-08-16,328,N21,VIIRS,n,2.0NRT,294.02,15.89,N
42.99889,-4.7899,299.67,0.64,0.72,2025-08-16,328,N21,VIIRS,n,2.0NRT,288.57,3.15,N
42.99894,-4.83102,367,0.64,0.72,2025-08-16,328,N21,VIIRS,h,2.0NRT,299.75,22.32,N
42.99899,-4.809,308.18,0.64,0.72,2025-08-16,328,N21,VIIRS,n,2.0NRT,290.75,3.43,N
42.99932,-4.87636,367,0.64,0.72,2025-08-16,328,N21,VIIRS,h,2.0NRT,300.34,21.83,N
42.99981,-4.7894,299.49,0.64,0.72,2025-08-16,328,N21,VIIRS,n,2.0NRT,288.38,1.75,N
43.00012,-4.85902,322.24,0.64,0.72,2025-08-16,328,N21,VIIRS,n,2.0NRT,291.63,13.89,N
43.00012,-4.83723,314.21,0.64,0.72,2025-08-16,328,N21,VIIRS,n,2.0NRT,291.29,28.07,N
43.00058,-4.88215,327.52,0.63,0.72,2025-08-16,328,N21,VIIRS,n,2.0NRT,291.71,19.15,N
43.00105,-4.85953,311.21,0.64,0.72,2025-08-16,328,N21,VIIRS,n,2.0NRT,290.78,15.89,N
43.0012,-4.83786,301.92,0.64,0.72,2025-08-16,328,N21,VIIRS,n,2.0NRT,290.29,19.01,N
43.00129,-4.88235,353.08,0.64,0.72,2025-08-16,328,N21,VIIRS,n,2.0NRT,293.69,17.63,N
43.00247,-4.88777,323.4,0.63,0.72,2025-08-16,328,N21,VIIRS,n,2.0NRT,289.2,5.01,N
43.00319,-4.88809,335.18,0.63,0.72,2025-08-16,328,N21,VIIRS,n,2.0NRT,289.74,17.63,N
43.00513,-4.87396,307.64,0.64,0.72,2025-08-16,328,N21,VIIRS,n,2.0NRT,292.74,13.79,N
43.00581,-4.87398,307.64,0.64,0.72,2025-08-16,328,N21,VIIRS,n,2.0NRT,292.64,6.34,N
43.00685,-4.87908,347.76,0.63,0.72,2025-08-16,328,N21,VIIRS,n,2.0NRT,296.14,13.79,N
43.00748,-4.87904,316.55,0.64,0.72,2025-08-16,328,N21,VIIRS,n,2.0NRT,293.75,9,N
43.00842,-4.7746,367,0.64,0.72,2025-08-16,328,N21,VIIRS,h,2.0NRT,290.68,26.33,N
43.00863,-4.88439,367,0.63,0.72,2025-08-16,328,N21,VIIRS,h,2.0NRT,297.61,11.6,N
43.00931,-4.88458,354.51,0.63,0.72,2025-08-16,328,N21,VIIRS,n,2.0NRT,295.81,9,N
43.00945,-4.77422,367,0.64,0.72,2025-08-16,328,N21,VIIRS,h,2.0NRT,292.03,18.04,N
43.00988,-4.77896,331.23,0.64,0.72,2025-08-16,328,N21,VIIRS,n,2.0NRT,290.51,21.34,N
43.01085,-4.77845,316.79,0.64,0.72,2025-08-16,328,N21,VIIRS,n,2.0NRT,289.64,18.04,N
43.01108,-4.89168,301.31,0.63,0.72,2025-08-16,328,N21,VIIRS,n,2.0NRT,287.86,11.6,N
43.01497,-4.88152,324.11,0.63,0.72,2025-08-16,328,N21,VIIRS,n,2.0NRT,290.07,11.6,N
43.01582,-4.88225,324.32,0.63,0.72,2025-08-16,328,N21,VIIRS,n,2.0NRT,289.93,9,N
43.01824,-4.86946,299.72,0.63,0.72,2025-08-16,328,N21,VIIRS,n,2.0NRT,287.85,16.08,N
43.01894,-4.86955,309.81,0.64,0.72,2025-08-16,328,N21,VIIRS,n,2.0NRT,288.62,15.95,N
43.02244,-4.88205,353.08,0.63,0.72,2025-08-16,328,N21,VIIRS,n,2.0NRT,306.14,25.7,N
43.02327,-4.88281,367,0.63,0.72,2025-08-16,328,N21,VIIRS,h,2.0NRT,309.05,15.95,N
43.0251,-4.75873,298.58,0.64,0.72,2025-08-16,328,N21,VIIRS,n,2.0NRT,286.31,10.32,N
43.02525,-4.89048,349.64,0.63,0.72,2025-08-16,328,N21,VIIRS,n,2.0NRT,293.4,25.7,N
43.02575,-4.86816,299.31,0.64,0.72,2025-08-16,328,N21,VIIRS,n,2.0NRT,288.49,15.95,N
43.02595,-4.89099,331.6,0.63,0.72,2025-08-16,328,N21,VIIRS,n,2.0NRT,291.32,10.25,N
43.02746,-4.89709,309.27,0.63,0.72,2025-08-16,328,N21,VIIRS,n,2.0NRT,291.41,5.87,N
43.02811,-4.89757,312.35,0.63,0.72,2025-08-16,328,N21,VIIRS,n,2.0NRT,292.18,10.25,N
43.02916,-4.88036,323.09,0.63,0.72,2025-08-16,328,N21,VIIRS,n,2.0NRT,290.41,25.7,N
43.02958,-4.75019,298.49,0.64,0.72,2025-08-16,328,N21,VIIRS,n,2.0NRT,285.16,9.1,N
43.02972,-4.88031,306.71,0.63,0.72,2025-08-16,328,N21,VIIRS,n,2.0NRT,289.94,15.95,N
43.02982,-4.90416,321.4,0.63,0.72,2025-08-16,328,N21,VIIRS,n,2.0NRT,292.2,5.87,N
43.03043,-4.90465,323.43,0.63,0.72,2025-08-16,328,N21,VIIRS,n,2.0NRT,291.9,20.73,N
43.03084,-4.84162,305.08,0.64,0.72,2025-08-16,328,N21,VIIRS,n,2.0NRT,288.84,2.81,N
43.03091,-4.75414,367,0.64,0.72,2025-08-16,328,N21,VIIRS,h,2.0NRT,293.98,10.32,N
43.0315,-4.8413,308.03,0.64,0.72,2025-08-16,328,N21,VIIRS,n,2.0NRT,289.46,2.51,N
43.03209,-4.88754,301.63,0.63,0.72,2025-08-16,328,N21,VIIRS,n,2.0NRT,291.16,10.25,N
43.03225,-4.91141,316.4,0.63,0.72,2025-08-16,328,N21,VIIRS,n,2.0NRT,289.96,33.11,N
43.03244,-4.75872,303.49,0.64,0.72,2025-08-16,328,N21,VIIRS,n,2.0NRT,288.27,10.32,N
43.0329,-4.91219,321.67,0.63,0.72,2025-08-16,328,N21,VIIRS,n,2.0NRT,290.02,20.73,N
43.03359,-4.89361,305.94,0.63,0.72,2025-08-16,328,N21,VIIRS,n,2.0NRT,292.9,5.87,N
43.03408,-4.89362,306.32,0.63,0.72,2025-08-16,328,N21,VIIRS,n,2.0NRT,293.68,10.25,N
43.03432,-4.85202,309.26,0.64,0.72,2025-08-16,328,N21,VIIRS,n,2.0NRT,290.51,5.34,N
43.03442,-4.87242,301.73,0.63,0.72,2025-08-16,328,N21,VIIRS,n,2.0NRT,290.75,13.66,N
43.03497,-4.85185,310.05,0.64,0.72,2025-08-16,328,N21,VIIRS,n,2.0NRT,290.36,5.12,N
43.03603,-4.92276,346.03,0.63,0.72,2025-08-16,328,N21,VIIRS,n,2.0NRT,291.47,33.11,N
43.03604,-4.90095,321.08,0.63,0.72,2025-08-16,328,N21,VIIRS,n,2.0NRT,299.64,5.87,N
43.03622,-4.87962,325.66,0.63,0.72,2025-08-16,328,N21,VIIRS,n,2.0NRT,292.84,20.15,N
43.03657,-4.90122,322.7,0.63,0.72,2025-08-16,328,N21,VIIRS,n,2.0NRT,300.2,20.73,N
43.03661,-4.85889,302.78,0.63,0.72,2025-08-16,328,N21,VIIRS,n,2.0NRT,290.38,5.34,N
43.03665,-4.92366,367,0.63,0.72,2025-08-16,328,N21,VIIRS,h,2.0NRT,292.2,43.44,N
43.03675,-4.87954,338.49,0.63,0.72,2025-08-16,328,N21,VIIRS,n,2.0NRT,294.49,18.44,N
43.0373,-4.85897,305.87,0.64,0.72,2025-08-16,328,N21,VIIRS,n,2.0NRT,290.56,13.66,N
43.03857,-4.88667,324.75,0.63,0.72,2025-08-16,328,N21,VIIRS,n,2.0NRT,295.09,16.46,N
43.03899,-4.9098,346.35,0.63,0.72,2025-08-16,328,N21,VIIRS,n,2.0NRT,301.24,33.11,N
43.03916,-4.88691,319.68,0.63,0.72,2025-08-16,328,N21,VIIRS,n,2.0NRT,295.37,18.44,N
43.03948,-4.91012,350.06,0.63,0.72,2025-08-16,328,N21,VIIRS,n,2.0NRT,301.46,20.73,N
43.03964,-4.868,367,0.63,0.72,2025-08-16,328,N21,VIIRS,h,2.0NRT,297.11,20.15,N
43.04041,-4.8685,367,0.63,0.72,2025-08-16,328,N21,VIIRS,h,2.0NRT,299.17,13.66,N
43.0413,-4.89485,321.67,0.63,0.72,2025-08-16,328,N21,VIIRS,n,2.0NRT,299.27,16.46,N
43.04167,-4.91786,348.78,0.63,0.72,2025-08-16,328,N21,VIIRS,n,2.0NRT,323.29,33.11,N
43.04182,-4.89503,324.08,0.63,0.72,2025-08-16,328,N21,VIIRS,n,2.0NRT,300.04,20.23,N
43.04211,-4.91816,367,0.63,0.72,2025-08-16,328,N21,VIIRS,h,2.0NRT,321.63,43.44,N
43.0427,-4.8772,349.93,0.63,0.72,2025-08-16,328,N21,VIIRS,n,2.0NRT,299.27,20.15,N
43.04277,-4.85547,305.68,0.63,0.72,2025-08-16,328,N21,VIIRS,n,2.0NRT,290.79,9.23,N
43.04338,-4.87759,342.63,0.63,0.72,2025-08-16,328,N21,VIIRS,n,2.0NRT,299.41,18.44,N
43.04383,-4.90246,335.52,0.63,0.72,2025-08-16,328,N21,VIIRS,n,2.0NRT,302.23,22.75,N
43.04418,-4.92537,314.28,0.63,0.72,2025-08-16,328,N21,VIIRS,n,2.0NRT,291.49,62.79,N
43.0443,-4.90261,336.98,0.63,0.72,2025-08-16,328,N21,VIIRS,n,2.0NRT,302.31,20.23,N
43.04457,-4.92568,305.27,0.63,0.72,2025-08-16,328,N21,VIIRS,n,2.0NRT,290.56,43.44,N
43.04499,-4.88406,367,0.63,0.72,2025-08-16,328,N21,VIIRS,h,2.0NRT,305.21,16.46,N
43.04515,-4.81881,316.25,0.64,0.72,2025-08-16,328,N21,VIIRS,n,2.0NRT,291.41,11.2,N
43.04557,-4.88429,367,0.63,0.72,2025-08-16,328,N21,VIIRS,h,2.0NRT,305.35,18.44,N
43.04637,-4.86633,350.31,0.63,0.72,2025-08-16,328,N21,VIIRS,n,2.0NRT,295.57,33.23,N
43.04697,-4.91192,367,0.63,0.72,2025-08-16,328,N21,VIIRS,h,2.0NRT,302.61,22.75,N
43.04724,-4.89082,327.93,0.63,0.72,2025-08-16,328,N21,VIIRS,n,2.0NRT,295.87,16.46,N
43.04744,-4.91223,367,0.63,0.72,2025-08-16,328,N21,VIIRS,h,2.0NRT,300.87,26.79,N
43.0478,-4.8911,326.85,0.63,0.72,2025-08-16,328,N21,VIIRS,n,2.0NRT,296.25,20.23,N
43.04865,-4.82932,299.96,0.64,0.72,2025-08-16,328,N21,VIIRS,n,2.0NRT,288.82,6.27,N
43.04894,-4.85211,338.83,0.63,0.72,2025-08-16,328,N21,VIIRS,n,2.0NRT,293.59,9.23,N
43.04913,-4.87463,349.67,0.63,0.72,2025-08-16,328,N21,VIIRS,n,2.0NRT,299.72,33.23,N
43.04927,-4.91879,301.56,0.63,0.72,2025-08-16,328,N21,VIIRS,n,2.0NRT,290.61,19.27,N
43.0497,-4.89822,367,0.63,0.72,2025-08-16,328,N21,VIIRS,h,2.0NRT,305.29,22.75,N
43.05022,-4.89852,367,0.63,0.72,2025-08-16,328,N21,VIIRS,h,2.0NRT,306.22,20.23,N
43.05056,-4.81309,367,0.64,0.72,2025-08-16,328,N21,VIIRS,h,2.0NRT,295.54,11.2,N
43.05114,-4.8368,307.39,0.64,0.72,2025-08-16,328,N21,VIIRS,n,2.0NRT,289.97,6.27,N
43.05136,-4.88133,367,0.63,0.72,2025-08-16,328,N21,VIIRS,h,2.0NRT,303.13,43.72,N
43.05177,-4.86062,312.6,0.63,0.72,2025-08-16,328,N21,VIIRS,n,2.0NRT,289.95,33.23,N
43.05235,-4.81846,324.45,0.64,0.72,2025-08-16,328,N21,VIIRS,n,2.0NRT,292.42,11.2,N
43.05238,-4.90626,339.62,0.63,0.72,2025-08-16,328,N21,VIIRS,n,2.0NRT,297.25,22.75,N
43.05288,-4.90667,332,0.63,0.72,2025-08-16,328,N21,VIIRS,n,2.0NRT,295.35,26.79,N
43.05347,-4.8438,343.07,0.64,0.72,2025-08-16,328,N21,VIIRS,n,2.0NRT,294.33,12.77,N
43.05371,-4.8884,305.79,0.63,0.72,2025-08-16,328,N21,VIIRS,n,2.0NRT,291.44,43.72,N
43.05495,-4.82632,327.22,0.64,0.72,2025-08-16,328,N21,VIIRS,n,2.0NRT,291.97,6.27,N
43.05535,-4.84945,311.1,0.63,0.72,2025-08-16,328,N21,VIIRS,n,2.0NRT,289.4,12.77,N
43.05618,-4.89582,308.51,0.63,0.72,2025-08-16,328,N21,VIIRS,n,2.0NRT,291.26,4.73,N
43.05848,-4.83697,302.98,0.64,0.72,2025-08-16,328,N21,VIIRS,n,2.0NRT,289.47,6.27,N
43.05941,-4.81776,301.73,0.64,0.72,2025-08-16,328,N21,VIIRS,n,2.0NRT,289.12,2.61,N
43.06041,-4.84277,367,0.64,0.72,2025-08-16,328,N21,VIIRS,h,2.0NRT,298.14,12.77,N
43.06334,-4.82967,305.53,0.64,0.72,2025-08-16,328,N21,VIIRS,n,2.0NRT,288.86,9.76,N
43.0656,-4.83648,345.31,0.64,0.72,2025-08-16,328,N21,VIIRS,n,2.0NRT,295.39,9.76,N
43.06726,-4.84146,324.39,0.64,0.72,2025-08-16,328,N21,VIIRS,n,2.0NRT,291.25,13.66,N
42.97642,-4.83122,347.27,0.38,0.36,2025-08-16,1310,N21,VIIRS,n,2.0NRT,306.18,2.02,D
42.98292,-4.83311,367,0.38,0.36,2025-08-16,1310,N21,VIIRS,h,2.0NRT,336.75,343.43,D
42.98363,-4.82848,367,0.38,0.36,2025-08-16,1310,N21,VIIRS,l,2.0NRT,336.05,178.37,D
42.98436,-4.82385,349.89,0.38,0.36,2025-08-16,1310,N21,VIIRS,n,2.0NRT,303.22,178.37,D
42.98545,-4.83867,367,0.38,0.36,2025-08-16,1310,N21,VIIRS,h,2.0NRT,332.21,328.87,D
42.98617,-4.83405,367,0.38,0.36,2025-08-16,1310,N21,VIIRS,l,2.0NRT,370.18,328.87,D
42.98689,-4.82943,367,0.38,0.36,2025-08-16,1310,N21,VIIRS,l,2.0NRT,365.96,247.73,D
42.98761,-4.8248,347.32,0.38,0.36,2025-08-16,1310,N21,VIIRS,n,2.0NRT,318.42,247.73,D
42.98942,-4.83499,367,0.38,0.36,2025-08-16,1310,N21,VIIRS,l,2.0NRT,341.28,328.87,D
42.99014,-4.83036,367,0.38,0.36,2025-08-16,1310,N21,VIIRS,l,2.0NRT,332.44,247.73,D
42.99086,-4.82573,352.17,0.38,0.36,2025-08-16,1310,N21,VIIRS,n,2.0NRT,302.25,247.73,D
42.99118,-4.8016,367,0.38,0.36,2025-08-16,1310,N21,VIIRS,l,2.0NRT,325.51,0,D
42.99124,-4.8452,347.55,0.38,0.36,2025-08-16,1310,N21,VIIRS,n,2.0NRT,316.53,7.3,D
42.99189,-4.79697,367,0.38,0.36,2025-08-16,1310,N21,VIIRS,h,2.0NRT,343.68,0,D
42.99261,-4.79234,367,0.38,0.36,2025-08-16,1310,N21,VIIRS,h,2.0NRT,348.5,200.71,D
42.99268,-4.83594,367,0.38,0.36,2025-08-16,1310,N21,VIIRS,h,2.0NRT,363.74,91.08,D
42.99339,-4.8313,367,0.38,0.36,2025-08-16,1310,N21,VIIRS,h,2.0NRT,327.87,10.02,D
42.99378,-4.85078,349.39,0.38,0.36,2025-08-16,1310,N21,VIIRS,n,2.0NRT,323.97,7.3,D
42.99411,-4.82667,367,0.38,0.36,2025-08-16,1310,N21,VIIRS,h,2.0NRT,320.15,10.02,D
42.99443,-4.80254,367,0.38,0.36,2025-08-16,1310,N21,VIIRS,l,2.0NRT,373.1,0,D
42.9945,-4.84615,355.55,0.38,0.36,2025-08-16,1310,N21,VIIRS,l,2.0NRT,335.45,7.3,D
42.99508,-4.86886,350.05,0.38,0.36,2025-08-16,1310,N21,VIIRS,n,2.0NRT,318.86,12.79,D
42.99515,-4.79791,367,0.38,0.36,2025-08-16,1310,N21,VIIRS,l,2.0NRT,372.94,0,D
42.99521,-4.84151,367,0.38,0.36,2025-08-16,1310,N21,VIIRS,l,2.0NRT,325.45,91.08,D
42.9958,-4.86423,350.06,0.38,0.36,2025-08-16,1310,N21,VIIRS,l,2.0NRT,324.92,12.79,D
42.99586,-4.79327,367,0.38,0.36,2025-08-16,1310,N21,VIIRS,h,2.0NRT,356.11,200.71,D
42.99593,-4.83688,354.28,0.38,0.36,2025-08-16,1310,N21,VIIRS,n,2.0NRT,326.6,91.08,D
42.99652,-4.85959,351.42,0.38,0.36,2025-08-16,1310,N21,VIIRS,l,2.0NRT,326.22,10.49,D
42.99664,-4.83224,353.55,0.38,0.36,2025-08-16,1310,N21,VIIRS,n,2.0NRT,326.63,10.02,D
42.99691,-4.87906,355.58,0.38,0.36,2025-08-16,1310,N21,VIIRS,n,2.0NRT,318.55,8.76,D
42.99724,-4.85496,355.36,0.38,0.36,2025-08-16,1310,N21,VIIRS,l,2.0NRT,332.64,10.49,D
42.99736,-4.8276,352.82,0.38,0.36,2025-08-16,1310,N21,VIIRS,n,2.0NRT,316.22,10.02,D
42.99762,-4.87442,348.45,0.38,0.36,2025-08-16,1310,N21,VIIRS,l,2.0NRT,319.36,8.76,D
42.99768,-4.80348,367,0.38,0.36,2025-08-16,1310,N21,VIIRS,h,2.0NRT,352.34,61.29,D
42.99797,-4.85032,351.83,0.38,0.36,2025-08-16,1310,N21,VIIRS,l,2.0NRT,327.9,7.48,D
42.99834,-4.86979,352.08,0.38,0.36,2025-08-16,1310,N21,VIIRS,l,2.0NRT,329.18,12.79,D
42.9984,-4.79884,367,0.38,0.36,2025-08-16,1310,N21,VIIRS,h,2.0NRT,343.22,61.29,D
42.9987,-4.84568,367,0.38,0.36,2025-08-16,1310,N21,VIIRS,l,2.0NRT,325.06,7.48,D
42.99911,-4.79421,344.62,0.38,0.36,2025-08-16,1310,N21,VIIRS,n,2.0NRT,301.3,9.1,D
43.00016,-4.87999,354.63,0.38,0.36,2025-08-16,1310,N21,VIIRS,n,2.0NRT,317.24,27.02,D
43.00093,-4.80442,352.41,0.38,0.36,2025-08-16,1310,N21,VIIRS,n,2.0NRT,314.71,61.29,D
43.00165,-4.79978,353.35,0.38,0.36,2025-08-16,1310,N21,VIIRS,n,2.0NRT,307.98,61.29,D
43.00341,-4.88093,367,0.38,0.36,2025-08-16,1310,N21,VIIRS,l,2.0NRT,331.5,27.02,D
43.00593,-4.88652,352.65,0.38,0.36,2025-08-16,1310,N21,VIIRS,n,2.0NRT,320.31,18.95,D
43.00666,-4.88187,350.35,0.38,0.36,2025-08-16,1310,N21,VIIRS,l,2.0NRT,320.71,10.76,D
43.01388,-4.87912,367,0.38,0.36,2025-08-16,1310,N21,VIIRS,h,2.0NRT,349.52,151.55,D
43.0157,-4.88932,367,0.38,0.36,2025-08-16,1310,N21,VIIRS,h,2.0NRT,337.95,132.99,D
43.01642,-4.88468,367,0.38,0.36,2025-08-16,1310,N21,VIIRS,h,2.0NRT,356.89,151.55,D
43.01896,-4.89024,367,0.38,0.36,2025-08-16,1310,N21,VIIRS,h,2.0NRT,344.46,171.23,D
43.02149,-4.89582,367,0.38,0.36,2025-08-16,1310,N21,VIIRS,l,2.0NRT,328.01,171.23,D
43.02221,-4.89117,367,0.38,0.36,2025-08-16,1310,N21,VIIRS,h,2.0NRT,362.08,171.23,D
43.02547,-4.8921,367,0.38,0.36,2025-08-16,1310,N21,VIIRS,h,2.0NRT,350.74,65.7,D
43.02801,-4.89767,367,0.38,0.36,2025-08-16,1310,N21,VIIRS,l,2.0NRT,329.89,65.7,D
43.02873,-4.89303,367,0.38,0.36,2025-08-16,1310,N21,VIIRS,l,2.0NRT,333.22,65.7,D
43.03054,-4.90324,367,0.38,0.36,2025-08-16,1310,N21,VIIRS,l,2.0NRT,340.57,83.04,D
43.03307,-4.90881,367,0.38,0.36,2025-08-16,1310,N21,VIIRS,h,2.0NRT,350.79,83.04,D
43.03379,-4.90417,350.53,0.38,0.36,2025-08-16,1310,N21,VIIRS,l,2.0NRT,327.95,83.04,D
43.03561,-4.91436,351.12,0.38,0.36,2025-08-16,1310,N21,VIIRS,l,2.0NRT,327.42,38.66,D
43.03633,-4.90973,353.76,0.38,0.36,2025-08-16,1310,N21,VIIRS,l,2.0NRT,326.49,19.72,D
43.03814,-4.91992,367,0.38,0.36,2025-08-16,1310,N21,VIIRS,h,2.0NRT,330.26,38.66,D
43.03886,-4.9153,367,0.38,0.36,2025-08-16,1310,N21,VIIRS,l,2.0NRT,333.68,38.66,D
43.03996,-4.93011,355.1,0.38,0.36,2025-08-16,1310,N21,VIIRS,n,2.0NRT,323.39,11.76,D
43.04139,-4.92087,367,0.38,0.36,2025-08-16,1310,N21,VIIRS,l,2.0NRT,326.13,72.81,D
43.04249,-4.93569,367,0.38,0.36,2025-08-16,1310,N21,VIIRS,l,2.0NRT,325.2,89.92,D
43.04308,-4.80036,367,0.38,0.36,2025-08-16,1310,N21,VIIRS,h,2.0NRT,358.62,346.33,D
43.04321,-4.93106,354.42,0.38,0.36,2025-08-16,1310,N21,VIIRS,n,2.0NRT,319.33,11.76,D
43.04379,-4.79573,353.13,0.38,0.36,2025-08-16,1310,N21,VIIRS,n,2.0NRT,312.23,148.27,D
43.04392,-4.92644,355.66,0.38,0.36,2025-08-16,1310,N21,VIIRS,n,2.0NRT,321.01,11.76,D
43.04489,-4.81056,367,0.38,0.36,2025-08-16,1310,N21,VIIRS,l,2.0NRT,328.41,56.52,D
43.04561,-4.80593,367,0.38,0.36,2025-08-16,1310,N21,VIIRS,h,2.0NRT,349.58,362.03,D
43.04574,-4.93664,367,0.38,0.36,2025-08-16,1310,N21,VIIRS,l,2.0NRT,331.38,47.51,D
43.04632,-4.8013,367,0.38,0.36,2025-08-16,1310,N21,VIIRS,h,2.0NRT,364.46,362.03,D
43.04646,-4.93201,354.32,0.38,0.36,2025-08-16,1310,N21,VIIRS,n,2.0NRT,320.82,13.93,D
43.04704,-4.79666,353.17,0.38,0.36,2025-08-16,1310,N21,VIIRS,n,2.0NRT,313.24,254.28,D
43.04717,-4.92739,367,0.38,0.36,2025-08-16,1310,N21,VIIRS,h,2.0NRT,325.24,13.93,D
43.04814,-4.8115,367,0.38,0.36,2025-08-16,1310,N21,VIIRS,l,2.0NRT,325.35,56.52,D
43.04826,-4.94223,367,0.38,0.36,2025-08-16,1310,N21,VIIRS,h,2.0NRT,342.75,47.51,D
43.04861,-4.91814,367,0.38,0.36,2025-08-16,1310,N21,VIIRS,h,2.0NRT,320.36,80.73,D
43.04885,-4.80687,367,0.38,0.36,2025-08-16,1310,N21,VIIRS,h,2.0NRT,351.43,362.03,D
43.04898,-4.9376,354.62,0.38,0.36,2025-08-16,1310,N21,VIIRS,n,2.0NRT,320.07,47.51,D
43.04933,-4.9135,367,0.38,0.36,2025-08-16,1310,N21,VIIRS,h,2.0NRT,319.95,17.63,D
43.0497,-4.93297,352.47,0.38,0.36,2025-08-16,1310,N21,VIIRS,n,2.0NRT,326.07,13.93,D
43.05042,-4.92835,367,0.38,0.36,2025-08-16,1310,N21,VIIRS,h,2.0NRT,323.55,13.93,D
43.05111,-4.88013,367,0.38,0.36,2025-08-16,1310,N21,VIIRS,h,2.0NRT,317.32,28.34,D
43.05143,-4.85605,367,0.38,0.36,2025-08-16,1310,N21,VIIRS,h,2.0NRT,356.71,92.5,D
43.05151,-4.94319,317.32,0.38,0.36,2025-08-16,1310,N21,VIIRS,l,2.0NRT,324.41,44.46,D
43.05183,-4.8755,367,0.38,0.36,2025-08-16,1310,N21,VIIRS,h,2.0NRT,316.9,15.47,D
43.05215,-4.85141,367,0.38,0.36,2025-08-16,1310,N21,VIIRS,h,2.0NRT,312.18,92.5,D
43.05223,-4.93856,367,0.38,0.36,2025-08-16,1310,N21,VIIRS,h,2.0NRT,319.8,44.46,D
43.05249,-4.82729,367,0.38,0.36,2025-08-16,1310,N21,VIIRS,h,2.0NRT,340.31,73.6,D
43.05254,-4.87087,367,0.38,0.36,2025-08-16,1310,N21,VIIRS,h,2.0NRT,310.7,15.47,D
43.05258,-4.91445,367,0.38,0.36,2025-08-16,1310,N21,VIIRS,h,2.0NRT,325.35,17.63,D
43.05287,-4.84677,367,0.38,0.36,2025-08-16,1310,N21,VIIRS,h,2.0NRT,304.95,40.55,D
43.05292,-4.89034,355.43,0.38,0.36,2025-08-16,1310,N21,VIIRS,l,2.0NRT,311.82,31.29,D
43.0532,-4.82266,367,0.38,0.36,2025-08-16,1310,N21,VIIRS,h,2.0NRT,341.07,73.6,D
43.05326,-4.86624,367,0.38,0.36,2025-08-16,1310,N21,VIIRS,h,2.0NRT,311.08,49.28,D
43.05363,-4.88571,367,0.38,0.36,2025-08-16,1310,N21,VIIRS,h,2.0NRT,337.87,249.26,D
43.05367,-4.92931,367,0.38,0.36,2025-08-16,1310,N21,VIIRS,h,2.0NRT,329.47,220.74,D
43.05401,-4.90519,355.24,0.38,0.36,2025-08-16,1310,N21,VIIRS,l,2.0NRT,318.35,28.39,D
43.05436,-4.88107,367,0.38,0.36,2025-08-16,1310,N21,VIIRS,l,2.0NRT,358.09,249.26,D
43.05469,-4.85698,352.88,0.38,0.36,2025-08-16,1310,N21,VIIRS,l,2.0NRT,333.34,92.5,D
43.05474,-4.90055,367,0.38,0.36,2025-08-16,1310,N21,VIIRS,l,2.0NRT,328.44,28.39,D
43.05507,-4.87644,352.01,0.38,0.36,2025-08-16,1310,N21,VIIRS,l,2.0NRT,328.89,0,D
43.05574,-4.82822,367,0.38,0.36,2025-08-16,1310,N21,VIIRS,l,2.0NRT,337.25,61.69,D
43.05579,-4.87181,367,0.38,0.36,2025-08-16,1310,N21,VIIRS,h,2.0NRT,321.72,0,D
43.05582,-4.9154,367,0.38,0.36,2025-08-16,1310,N21,VIIRS,h,2.0NRT,310.29,51.5,D
43.05613,-4.8477,352.04,0.38,0.36,2025-08-16,1310,N21,VIIRS,l,2.0NRT,331.5,40.55,D
43.05617,-4.89128,355.47,0.38,0.36,2025-08-16,1310,N21,VIIRS,l,2.0NRT,305.57,31.29,D
43.05655,-4.91076,367,0.38,0.36,2025-08-16,1310,N21,VIIRS,l,2.0NRT,329.94,51.5,D
43.05689,-4.88664,367,0.38,0.36,2025-08-16,1310,N21,VIIRS,h,2.0NRT,344.65,249.26,D
43.05691,-4.93026,367,0.38,0.36,2025-08-16,1310,N21,VIIRS,l,2.0NRT,355.1,220.74,D
43.05727,-4.90612,352.37,0.38,0.36,2025-08-16,1310,N21,VIIRS,l,2.0NRT,335.97,124.21,D
43.05761,-4.88201,367,0.38,0.36,2025-08-16,1310,N21,VIIRS,l,2.0NRT,370.47,249.26,D
43.05764,-4.92563,367,0.38,0.36,2025-08-16,1310,N21,VIIRS,h,2.0NRT,358.82,292.04,D
43.05794,-4.85792,367,0.38,0.36,2025-08-16,1310,N21,VIIRS,h,2.0NRT,345.03,206.38,D
43.05799,-4.90149,367,0.38,0.36,2025-08-16,1310,N21,VIIRS,h,2.0NRT,353.8,124.21,D
43.05833,-4.87737,367,0.38,0.36,2025-08-16,1310,N21,VIIRS,l,2.0NRT,370.59,0,D
43.05835,-4.92099,367,0.38,0.36,2025-08-16,1310,N21,VIIRS,l,2.0NRT,362.1,292.04,D
43.05865,-4.85328,367,0.38,0.36,2025-08-16,1310,N21,VIIRS,h,2.0NRT,337.22,206.38,D
43.05871,-4.89685,367,0.38,0.36,2025-08-16,1310,N21,VIIRS,h,2.0NRT,349.97,87.88,D
43.059,-4.82915,355.43,0.38,0.36,2025-08-16,1310,N21,VIIRS,n,2.0NRT,323.85,61.69,D
43.05905,-4.87274,367,0.38,0.36,2025-08-16,1310,N21,VIIRS,l,2.0NRT,338.43,0,D
43.05908,-4.91635,367,0.38,0.36,2025-08-16,1310,N21,VIIRS,l,2.0NRT,326.68,51.5,D
43.05938,-4.84864,367,0.38,0.36,2025-08-16,1310,N21,VIIRS,l,2.0NRT,333.68,66.06,D
43.05943,-4.89221,367,0.38,0.36,2025-08-16,1310,N21,VIIRS,h,2.0NRT,304.05,87.88,D
43.05972,-4.82451,367,0.38,0.36,2025-08-16,1310,N21,VIIRS,h,2.0NRT,344.32,61.69,D
43.05976,-4.86811,367,0.38,0.36,2025-08-16,1310,N21,VIIRS,h,2.0NRT,306.67,91.45,D
43.0598,-4.9117,367,0.38,0.36,2025-08-16,1310,N21,VIIRS,h,2.0NRT,303.6,51.5,D
43.0601,-4.84399,367,0.38,0.36,2025-08-16,1310,N21,VIIRS,h,2.0NRT,310.56,66.06,D
43.06014,-4.88757,367,0.38,0.36,2025-08-16,1310,N21,VIIRS,h,2.0NRT,337.64,270.05,D
43.06016,-4.93121,367,0.38,0.36,2025-08-16,1310,N21,VIIRS,h,2.0NRT,331,60.93,D
43.06048,-4.86348,367,0.38,0.36,2025-08-16,1310,N21,VIIRS,h,2.0NRT,351.12,91.45,D
43.06052,-4.90706,367,0.38,0.36,2025-08-16,1310,N21,VIIRS,h,2.0NRT,342.1,124.21,D
43.06086,-4.88294,367,0.38,0.36,2025-08-16,1310,N21,VIIRS,l,2.0NRT,369.67,270.05,D
43.06089,-4.92658,367,0.38,0.36,2025-08-16,1310,N21,VIIRS,l,2.0NRT,331.96,0,D
43.06119,-4.85885,367,0.38,0.36,2025-08-16,1310,N21,VIIRS,h,2.0NRT,367.48,206.38,D
43.06124,-4.90242,367,0.38,0.36,2025-08-16,1310,N21,VIIRS,l,2.0NRT,357.75,124.21,D
43.06158,-4.87831,367,0.38,0.36,2025-08-16,1310,N21,VIIRS,l,2.0NRT,370.69,0,D
43.0616,-4.92194,367,0.38,0.36,2025-08-16,1310,N21,VIIRS,l,2.0NRT,366.49,0,D
43.06191,-4.85422,354.63,0.38,0.36,2025-08-16,1310,N21,VIIRS,l,2.0NRT,329.77,206.38,D
43.06196,-4.89778,367,0.38,0.36,2025-08-16,1310,N21,VIIRS,h,2.0NRT,356.68,87.88,D
43.0623,-4.87368,367,0.38,0.36,2025-08-16,1310,N21,VIIRS,l,2.0NRT,329.84,0,D
43.06232,-4.9173,367,0.38,0.36,2025-08-16,1310,N21,VIIRS,l,2.0NRT,368.22,0,D
43.06268,-4.89314,367,0.38,0.36,2025-08-16,1310,N21,VIIRS,h,2.0NRT,303.16,87.88,D
43.06305,-4.91265,367,0.38,0.36,2025-08-16,1310,N21,VIIRS,l,2.0NRT,327.96,0,D
43.0634,-4.8885,367,0.38,0.36,2025-08-16,1310,N21,VIIRS,l,2.0NRT,353.93,270.05,D
43.06342,-4.93216,350.11,0.38,0.36,2025-08-16,1310,N21,VIIRS,n,2.0NRT,306.61,60.93,D
43.06373,-4.86442,367,0.38,0.36,2025-08-16,1310,N21,VIIRS,h,2.0NRT,363.37,0,D
43.06377,-4.908,367,0.38,0.36,2025-08-16,1310,N21,VIIRS,h,2.0NRT,304.6,176.73,D
43.06411,-4.88387,367,0.38,0.36,2025-08-16,1310,N21,VIIRS,h,2.0NRT,360.16,270.05,D
43.06414,-4.92752,367,0.38,0.36,2025-08-16,1310,N21,VIIRS,l,2.0NRT,361.95,0,D
43.06449,-4.90335,367,0.38,0.36,2025-08-16,1310,N21,VIIRS,l,2.0NRT,360.82,176.73,D
43.06485,-4.92288,367,0.38,0.36,2025-08-16,1310,N21,VIIRS,l,2.0NRT,370.58,0,D
43.06516,-4.85515,367,0.38,0.36,2025-08-16,1310,N21,VIIRS,h,2.0NRT,301.94,50.38,D
43.06521,-4.89871,367,0.38,0.36,2025-08-16,1310,N21,VIIRS,l,2.0NRT,370.27,200.88,D
43.06555,-4.87461,355.31,0.38,0.36,2025-08-16,1310,N21,VIIRS,l,2.0NRT,305.45,0,D
43.06557,-4.91824,367,0.38,0.36,2025-08-16,1310,N21,VIIRS,l,2.0NRT,370.7,0,D
43.06593,-4.89406,367,0.38,0.36,2025-08-16,1310,N21,VIIRS,l,2.0NRT,326.05,200.88,D
43.06627,-4.86998,367,0.38,0.36,2025-08-16,1310,N21,VIIRS,h,2.0NRT,348.05,0,D
43.0666,-4.84586,367,0.38,0.36,2025-08-16,1310,N21,VIIRS,h,2.0NRT,368.18,279.72,D
43.06665,-4.88943,367,0.38,0.36,2025-08-16,1310,N21,VIIRS,l,2.0NRT,370.27,214.34,D
43.06698,-4.86536,367,0.38,0.36,2025-08-16,1310,N21,VIIRS,h,2.0NRT,354,0,D
43.06702,-4.90894,367,0.38,0.36,2025-08-16,1310,N21,VIIRS,h,2.0NRT,302.61,176.73,D
43.06732,-4.84122,355.62,0.38,0.36,2025-08-16,1310,N21,VIIRS,l,2.0NRT,309.15,156.78,D
43.06737,-4.88479,367,0.38,0.36,2025-08-16,1310,N21,VIIRS,l,2.0NRT,369.23,214.34,D
43.0677,-4.86073,367,0.38,0.36,2025-08-16,1310,N21,VIIRS,h,2.0NRT,301.42,50.38,D
43.06775,-4.90428,367,0.38,0.36,2025-08-16,1310,N21,VIIRS,h,2.0NRT,351.88,176.73,D
43.06808,-4.88016,367,0.38,0.36,2025-08-16,1310,N21,VIIRS,h,2.0NRT,311.45,98.04,D
43.06811,-4.92381,367,0.38,0.36,2025-08-16,1310,N21,VIIRS,l,2.0NRT,370.23,395.09,D
43.06847,-4.89963,367,0.38,0.36,2025-08-16,1310,N21,VIIRS,h,2.0NRT,350.62,200.88,D
43.0688,-4.87554,367,0.38,0.36,2025-08-16,1310,N21,VIIRS,h,2.0NRT,332.96,98.04,D
43.06883,-4.91917,367,0.38,0.36,2025-08-16,1310,N21,VIIRS,h,2.0NRT,355.74,284.11,D
43.06913,-4.85144,367,0.38,0.36,2025-08-16,1310,N21,VIIRS,h,2.0NRT,328.41,279.72,D
43.06919,-4.89499,351.19,0.38,0.36,2025-08-16,1310,N21,VIIRS,l,2.0NRT,325.75,200.88,D
43.06952,-4.87091,355.21,0.38,0.36,2025-08-16,1310,N21,VIIRS,l,2.0NRT,312.97,77.44,D
43.06955,-4.91453,367,0.38,0.36,2025-08-16,1310,N21,VIIRS,h,2.0NRT,304.75,284.11,D
43.06985,-4.8468,367,0.38,0.36,2025-08-16,1310,N21,VIIRS,l,2.0NRT,364.61,279.72,D
43.0699,-4.89035,352.86,0.38,0.36,2025-08-16,1310,N21,VIIRS,l,2.0NRT,330.55,214.34,D
43.07023,-4.86629,367,0.38,0.36,2025-08-16,1310,N21,VIIRS,h,2.0NRT,302.63,77.44,D
43.07027,-4.90988,367,0.38,0.36,2025-08-16,1310,N21,VIIRS,h,2.0NRT,300.78,24.17,D
43.07062,-4.88572,367,0.38,0.36,2025-08-16,1310,N21,VIIRS,h,2.0NRT,355.39,214.34,D
43.07095,-4.86166,367,0.38,0.36,2025-08-16,1310,N21,VIIRS,h,2.0NRT,298.45,29.27,D
43.07134,-4.88109,367,0.38,0.36,2025-08-16,1310,N21,VIIRS,h,2.0NRT,342.99,98.04,D
43.07136,-4.92474,322.67,0.38,0.36,2025-08-16,1310,N21,VIIRS,l,2.0NRT,323.44,395.09,D
43.07206,-4.87647,367,0.38,0.36,2025-08-16,1310,N21,VIIRS,l,2.0NRT,336.77,98.04,D
43.07209,-4.92011,367,0.38,0.36,2025-08-16,1310,N21,VIIRS,l,2.0NRT,353.21,284.11,D
43.07277,-4.87185,367,0.38,0.36,2025-08-16,1310,N21,VIIRS,l,2.0NRT,353.01,77.44,D
43.0728,-4.91546,355.26,0.38,0.36,2025-08-16,1310,N21,VIIRS,n,2.0NRT,310.91,284.11,D
43.07349,-4.86723,367,0.38,0.36,2025-08-16,1310,N21,VIIRS,h,2.0NRT,331.81,77.44,D
43.07352,-4.91082,367,0.38,0.36,2025-08-16,1310,N21,VIIRS,h,2.0NRT,299,24.17,D
43.0742,-4.8626,355.52,0.38,0.36,2025-08-16,1310,N21,VIIRS,l,2.0NRT,303.92,29.27,D
43.07534,-4.92103,349.19,0.38,0.36,2025-08-16,1310,N21,VIIRS,n,2.0NRT,302.24,12.77,D
43.07602,-4.87279,367,0.38,0.36,2025-08-16,1310,N21,VIIRS,h,2.0NRT,307.94,24.5,D